{"text": "\u91d8\u64cb\u5427,\u659c\u64cb\u5c31\u7b97\u796d\u5178 \u043c\u0430\u0441\u0441\u7a69", "segments": [{"id": 0, "seek": 0, "start": 0.0, "end": 4.44, "text": "\u91d8\u64cb\u5427,\u659c\u64cb\u5c31\u7b97\u796d\u5178 \u043c\u0430\u0441\u0441\u7a69", "tokens": [50364, 5873, 246, 13167, 233, 6062, 11, 4307, 250, 13167, 233, 3111, 19497, 12695, 255, 2347, 116, 31384, 13740, 102, 50586], "temperature": 1.0, "avg_logprob": -2.7949369603937324, "compression_ratio": 0.8163265306122449, "no_speech_prob": 0.03151775151491165}], "language": "zh"}